{
    "AllTimePlay": 454.6276550292969,
    "MaxTimePlay": 62.0212287902832
}