{
    "AllTimePlay": 521.544189453125,
    "MaxTimePlay": 65.96094512939453
}