{
    "AllTimePlay": 102.18120574951172,
    "MaxTimePlay": 65.96094512939453
}