{
    "AllTimePlay": 691.7490234375,
    "MaxTimePlay": 48.12091064453125
}