{
    "AllTimes": [
        0.6266665458679199,
        0.7485712170600891,
        0.6854543685913086,
        0.41999995708465578
    ],
    "MinTime": 0.47999992966651919
}