{
    "AllTimePlay": 459.7467041015625,
    "MaxTimePlay": 48.12091064453125
}