{
    "AllTimePlay": 36.22026062011719,
    "MaxTimePlay": 15.160157203674317
}