{
    "AllTimePlay": 641.668701171875,
    "MaxTimePlay": 48.12091064453125
}