{
    "AllTimePlay": 302.9847412109375,
    "MaxTimePlay": 47.70090103149414
}