{
    "AllTimePlay": 303.98431396484377,
    "MaxTimePlay": 40.6207389831543
}