{
    "AllTimePlay": 148.261962890625,
    "MaxTimePlay": 31.000518798828126
}