{
    "AllTimePlay": 295.3042907714844,
    "MaxTimePlay": 40.6207389831543
}