{
    "AllTimePlay": 14.420140266418457,
    "MaxTimePlay": 14.420140266418457
}